group,q,kv,fused_ms,nvfp4_fa2_ms,fp8_fa2_ms,bf16_fa2_ms,fused_cosine,fused_vs_nvfp4_fa2_speedup,target_ms_for_2x,gap_to_target_ms,passes_2x,splits,split_kv_len
2,128,8192,0.17206400632858276,0.04553600028157234,0.041760001331567764,0.03651199862360954,0.991536557674408,0.26464570512565144,0.02276800014078617,0.1492960061877966,False,2,6656
2,128,32768,0.17260800302028656,0.08844800293445587,0.08057600259780884,0.05999999865889549,0.9913776516914368,0.5124212167848359,0.044224001467227936,0.12838400155305862,False,5,6656
2,128,65536,0.1746239960193634,0.14291200041770935,0.12889599800109863,0.09513600170612335,0.9929161071777344,0.8183984084401686,0.07145600020885468,0.10316799581050873,False,10,6656
2,128,131072,0.18188799917697906,0.2619520127773285,0.22944000363349915,0.17696000635623932,0.9899891018867493,1.4401830465046033,0.13097600638866425,0.05091199278831482,False,20,6656
2,128,262144,0.206496000289917,0.4963200092315674,0.4668799936771393,0.35040000081062317,0.9916821718215942,2.4035332816845956,0.2481600046157837,-0.0416640043258667,True,40,6656
2,256,8192,0.17187200486660004,0.05833600088953972,0.05417599901556969,0.040511999279260635,0.9915363192558289,0.33941537445157355,0.02916800044476986,0.14270400442183018,False,2,6656
2,256,32768,0.17270399630069733,0.14108799397945404,0.12646399438381195,0.09436800330877304,0.9913763403892517,0.8169353170832467,0.07054399698972702,0.1021599993109703,False,5,6656
2,256,65536,0.1783680021762848,0.2586880028247833,0.22950400412082672,0.16185599565505981,0.9929074645042419,1.4503049855832135,0.12934400141239166,0.04902400076389313,False,10,6656
2,256,131072,0.19788800179958344,0.49775999784469604,0.44233599305152893,0.3230400085449219,0.9899863004684448,2.515362191330914,0.24887999892234802,-0.05099199712276459,True,20,6656
2,256,262144,0.3681280016899109,0.964896023273468,0.889631986618042,0.6420480012893677,0.99167799949646,2.6210883682959794,0.482448011636734,-0.11432000994682312,True,40,6656
2,512,8192,0.1716800034046173,0.09171199798583984,0.08371199667453766,0.05878400057554245,0.9914748668670654,0.534203146359987,0.04585599899291992,0.1258240044116974,False,2,6656
2,512,32768,0.17423999309539795,0.26287999749183655,0.23043200373649597,0.16371199488639832,0.9913244247436523,1.5087236450239492,0.13143999874591827,0.042799994349479675,False,5,6656
2,512,65536,0.19094400107860565,0.5023360252380371,0.44787201285362244,0.30956798791885376,0.9928110241889954,2.6308028657639846,0.25116801261901855,-0.0602240115404129,True,10,6656
2,512,131072,0.35705599188804626,0.9870079755783081,0.87254399061203,0.6211839914321899,0.9900740385055542,2.7642946708699436,0.49350398778915405,-0.1364479959011078,True,20,6656
2,512,262144,0.688256025314331,1.9438079595565796,1.7458879947662354,1.240224003791809,0.9917594194412231,2.82425127868489,0.9719039797782898,-0.28364795446395874,True,40,6656
2,1024,8192,0.174112007021904,0.15014399588108063,0.1319040060043335,0.09920000284910202,0.9915404319763184,0.8623414229105515,0.07507199794054031,0.09904000908136368,False,2,6656
2,1024,32768,0.1926400065422058,0.5181120038032532,0.4577920138835907,0.31808000802993774,0.9913380742073059,2.689534812125015,0.2590560019016266,-0.06641599535942078,True,5,6656
2,1024,65536,0.35603201389312744,1.012384057044983,0.8895360231399536,0.6133120059967041,0.9929097294807434,2.8435197328880575,0.5061920285224915,-0.150160014629364,True,10,6656
2,1024,131072,0.6872959733009338,1.9875199794769287,1.7566399574279785,1.2327040433883667,0.9900943040847778,2.8917963391103547,0.9937599897384644,-0.3064640164375305,True,20,6656
2,1024,262144,1.2212159633636475,3.953984022140503,3.536736011505127,2.472928047180176,0.9917619824409485,3.2377434792531496,1.9769920110702515,-0.755776047706604,True,40,6656
2,2048,8192,0.17881600558757782,0.28009599447250366,0.2481600046157837,0.17235200107097626,0.9915117025375366,1.566392189290474,0.14004799723625183,0.03876800835132599,False,2,6656
2,2048,32768,0.35766398906707764,1.0554239749908447,0.9375680088996887,0.6456639766693115,0.9913462400436401,2.9508812943226066,0.5277119874954224,-0.17004799842834473,True,5,6656
2,2048,65536,0.6855679750442505,2.0904319286346436,1.8562239408493042,1.2869759798049927,0.9929403066635132,3.0491971689601094,1.0452159643173218,-0.3596479892730713,True,10,6656
2,2048,131072,1.2208000421524048,4.144351959228516,3.701888084411621,2.5678720474243164,0.9900097846984863,3.3947835977475616,2.072175979614258,-0.851375937461853,True,20,6656
2,2048,262144,2.6227200031280518,8.257439613342285,7.424543857574463,5.141280174255371,0.9917868971824646,3.1484259103121364,4.128719806671143,-1.5059998035430908,True,40,6656
2,4096,8192,0.19846400618553162,0.6087039709091187,0.5207039713859558,0.36800000071525574,0.9900065064430237,3.0670748948808346,0.3043519854545593,-0.10588797926902771,True,2,6656
2,4096,32768,0.6800640225410461,2.4655680656433105,2.1335999965667725,1.4779200553894043,0.9919518828392029,3.6254940475027086,1.2327840328216553,-0.5527200102806091,True,5,6656
2,4096,65536,1.2137600183486938,4.930208206176758,4.235904216766357,2.9412479400634766,0.9930034279823303,4.061929979275679,2.465104103088379,-1.251344084739685,True,10,6656
2,4096,131072,2.4410240650177,9.829536437988281,8.454272270202637,5.914752006530762,0.990166962146759,4.026808493556169,4.914768218994141,-2.4737441539764404,True,20,6656
2,4096,262144,5.051360130310059,19.65235137939453,16.958911895751953,11.832351684570312,0.9919426441192627,3.89050688773367,9.826175689697266,-4.774815559387207,True,40,6656
4,128,8192,0.16979199647903442,0.05913599953055382,0.05407999828457832,0.04022400081157684,0.9915338158607483,0.34828496487969507,0.02956799976527691,0.14022399671375751,False,2,6656
4,128,32768,0.17283199727535248,0.1401599943637848,0.12783999741077423,0.09961599856615067,0.9913761615753174,0.8109609133341478,0.0700799971818924,0.10275200009346008,False,5,6656
4,128,65536,0.17798399925231934,0.2611199915409088,0.22944000363349915,0.16208000481128693,0.992911159992218,1.467098124763067,0.1305599957704544,0.04742400348186493,False,10,6656
4,128,131072,0.19740800559520721,0.4999360144138336,0.4429759979248047,0.3270080089569092,0.989991307258606,2.5325012169920393,0.2499680072069168,-0.052560001611709595,True,20,6656
4,128,262144,0.3675520122051239,0.974943995475769,0.9015359878540039,0.6527040004730225,0.9916786551475525,2.6525334186761875,0.4874719977378845,-0.11991998553276062,True,40,6656
4,256,8192,0.1709119975566864,0.09283199906349182,0.08160000294446945,0.061792001128196716,0.9914779663085938,0.5431567145115265,0.04641599953174591,0.12449599802494049,False,2,6656
4,256,32768,0.17584000527858734,0.26550400257110596,0.2343679964542389,0.16547200083732605,0.9913234114646912,1.5099180766655569,0.13275200128555298,0.04308800399303436,False,5,6656
4,256,65536,0.19219200313091278,0.5045440196990967,0.4514879882335663,0.3112959861755371,0.9928094744682312,2.625208184939013,0.25227200984954834,-0.06008000671863556,True,10,6656
4,256,131072,0.3550719916820526,0.9921919703483582,0.8792319893836975,0.6266559958457947,0.9900653958320618,2.7943402847634666,0.4960959851741791,-0.14102399349212646,True,20,6656
4,256,262144,0.68995201587677,1.9582719802856445,1.7568960189819336,1.2460479736328125,0.991752564907074,2.8382727134975205,0.9791359901428223,-0.28918397426605225,True,40,6656
4,512,8192,0.17241600155830383,0.14902399480342865,0.1363839954137802,0.09782399982213974,0.9915251731872559,0.8643280986482859,0.07451199740171432,0.09790400415658951,False,2,6656
4,512,32768,0.19209599494934082,0.5196160078048706,0.4618239998817444,0.3229759931564331,0.991342306137085,2.7049809546622914,0.2598080039024353,-0.06771200895309448,True,5,6656
4,512,65536,0.35702401399612427,1.0192960500717163,0.9015039801597595,0.6199039816856384,0.9929096102714539,2.85497896531627,0.5096480250358582,-0.1526240110397339,True,10,6656
4,512,131072,0.6892799735069275,2.011904001235962,1.7757760286331177,1.2454719543457031,0.9900932908058167,2.9188487676491905,1.005952000617981,-0.31667202711105347,True,20,6656
4,512,262144,1.2352639436721802,3.9863998889923096,3.5710721015930176,2.5017919540405273,0.9917579889297485,3.2271644529197383,1.9931999444961548,-0.7579360008239746,True,40,6656
4,1024,8192,0.17788800597190857,0.28806400299072266,0.2549760043621063,0.17798399925231934,0.9915106296539307,1.6193559617291606,0.14403200149536133,0.03385600447654724,False,2,6656
4,1024,32768,0.355648010969162,1.0674560070037842,0.9478399753570557,0.6535040140151978,0.9913437366485596,3.0014395528176947,0.5337280035018921,-0.1780799925327301,True,5,6656
4,1024,65536,0.6864320039749146,2.115488052368164,1.8799999952316284,1.2951680421829224,0.9929399490356445,3.08186104394613,1.057744026184082,-0.3713120222091675,True,10,6656
4,1024,131072,1.2328319549560547,4.179903984069824,3.7117760181427,2.589888095855713,0.9900105595588684,3.390489650488351,2.089951992034912,-0.8571200370788574,True,20,6656
4,1024,262144,2.6231040954589844,8.316736221313477,7.432703971862793,5.170207977294922,0.9917868375778198,3.1705704076750467,4.158368110656738,-1.535264015197754,True,40,6656
4,2048,8192,0.19785599410533905,0.6289920210838318,0.5473920106887817,0.37782400846481323,0.9900069832801819,3.179039502583656,0.3144960105419159,-0.11664001643657684,True,2,6656
4,2048,32768,0.684224009513855,2.48470401763916,2.147871971130371,1.4951039552688599,0.9919541478157043,3.6314189258055363,1.24235200881958,-0.5581279993057251,True,5,6656
4,2048,65536,1.2261760234832764,4.925727844238281,4.284832000732422,2.944159984588623,0.9930051565170288,4.017145784864927,2.4628639221191406,-1.2366878986358643,True,10,6656
4,2048,131072,2.4232959747314453,9.83471965789795,8.50153636932373,5.917407989501953,0.9901639819145203,4.058406303005498,4.917359828948975,-2.4940638542175293,True,20,6656
4,2048,262144,5.102528095245361,19.65350341796875,17.026880264282227,11.847840309143066,0.9919441342353821,3.851718805092378,9.826751708984375,-4.724223613739014,True,40,6656
4,4096,8192,0.3643519878387451,1.1164799928665161,0.9722560048103333,0.6687039732933044,0.9893179535865784,3.0642895610072745,0.5582399964332581,-0.19388800859451294,True,2,6656
4,4096,32768,1.205664038658142,4.780191898345947,4.161632061004639,2.8749120235443115,0.9909455180168152,3.9647793623057033,2.3900959491729736,-1.1844319105148315,True,5,6656
4,4096,65536,2.4118080139160156,9.644000053405762,8.377280235290527,5.779232025146484,0.9919681549072266,3.998659925566358,4.822000026702881,-2.4101920127868652,True,10,6656
4,4096,131072,4.950751781463623,19.533952713012695,16.898048400878906,11.733247756958008,0.9909891486167908,3.9456538269906445,9.766976356506348,-4.816224575042725,True,20,6656
4,4096,262144,9.891712188720703,39.23651123046875,33.907936096191406,23.55718421936035,0.9925974011421204,3.9666046162573614,19.618255615234375,-9.726543426513672,True,40,6656
6,128,8192,0.1703999936580658,0.07251200079917908,0.07094399631023407,0.0504320003092289,0.9914803504943848,0.425539926631017,0.03625600039958954,0.13414399325847626,False,2,6656
6,128,32768,0.1727360039949417,0.20307199656963348,0.18092800676822662,0.1268160045146942,0.991327702999115,1.175620553174196,0.10153599828481674,0.07120000571012497,False,5,6656
6,128,65536,0.18323199450969696,0.3834879994392395,0.3401600122451782,0.23446400463581085,0.992803692817688,2.092909595103188,0.19174399971961975,-0.00851200520992279,True,10,6656
6,128,131072,0.34489598870277405,0.7401599884033203,0.66348797082901,0.4761599898338318,0.9900637865066528,2.1460382626867216,0.37007999420166016,-0.02518400549888611,True,20,6656
6,128,262144,0.5258240103721619,1.4616960287094116,1.3309760093688965,0.9450560212135315,0.9917588829994202,2.779819863446077,0.7308480143547058,-0.20502400398254395,True,40,6656
6,256,8192,0.17151999473571777,0.11935999989509583,0.10950399935245514,0.07974400371313095,0.991569459438324,0.6958955431348319,0.05967999994754791,0.11183999478816986,False,2,6656
6,256,32768,0.18243199586868286,0.38684800267219543,0.34598401188850403,0.2396479994058609,0.9913692474365234,2.1205052371989295,0.19342400133609772,-0.010992005467414856,True,5,6656
6,256,65536,0.34467199444770813,0.7493119835853577,0.6711999773979187,0.464352011680603,0.9929113388061523,2.1739856897454994,0.37465599179267883,-0.029983997344970703,True,10,6656
6,256,131072,0.5252159833908081,1.4958399534225464,1.3209919929504395,0.9312959909439087,0.9900669455528259,2.8480472809783217,0.7479199767112732,-0.2227039933204651,True,20,6656
6,256,262144,0.9514560103416443,2.9507200717926025,2.6489920616149902,1.8657920360565186,0.9916960597038269,3.1012679931813896,1.4753600358963013,-0.523904025554657,True,40,6656
6,512,8192,0.17472000420093536,0.21315200626850128,0.18915200233459473,0.1356479972600937,0.9915170669555664,1.2199633765082074,0.10657600313425064,0.06814400106668472,False,2,6656
6,512,32768,0.3433600068092346,0.7772799730300903,0.6977599859237671,0.4806399941444397,0.991349995136261,2.263746381686015,0.38863998651504517,-0.04527997970581055,True,5,6656
6,512,65536,0.5193600058555603,1.541759967803955,1.3685120344161987,0.9423040151596069,0.9929371476173401,2.9685766143354817,0.7708799839019775,-0.25151997804641724,True,10,6656
6,512,131072,0.9518719911575317,3.056096076965332,2.7281599044799805,1.8980799913406372,0.9900137186050415,3.210616664168195,1.528048038482666,-0.5761760473251343,True,20,6656
6,512,262144,1.9049919843673706,6.0775041580200195,5.471648216247559,3.785696029663086,0.9917919635772705,3.190304320381852,3.0387520790100098,-1.1337600946426392,True,40,6656
6,1024,8192,0.18588800728321075,0.43769600987434387,0.3861120045185089,0.27132800221443176,0.9900044798851013,2.354622098925885,0.21884800493717194,-0.03295999765396118,True,2,6656
6,1024,32768,0.5167040228843689,1.703328013420105,1.4932479858398438,1.031775951385498,0.9919577240943909,3.296525550375453,0.8516640067100525,-0.3349599838256836,True,5,6656
6,1024,65536,0.9939839839935303,3.3638079166412354,2.9597439765930176,2.041951894760132,0.9930031895637512,3.384167120204957,1.6819039583206177,-0.6879199743270874,True,10,6656
6,1024,131072,1.8379839658737183,6.673759937286377,5.88431978225708,4.095808029174805,0.9901687502861023,3.631021848503388,3.3368799686431885,-1.4988960027694702,True,20,6656
6,1024,262144,3.827807903289795,13.319647789001465,11.754688262939453,8.172224044799805,0.9919442534446716,3.479706433949819,6.659823894500732,-2.8320159912109375,True,40,6656
6,2048,8192,0.35094401240348816,1.0824320316314697,0.9439679980278015,0.6463040113449097,0.9896849393844604,3.084343922035557,0.5412160158157349,-0.1902720034122467,True,2,6656
6,2048,32768,1.0075199604034424,4.641664028167725,4.046559810638428,2.779103994369507,0.9906749129295349,4.607019424517463,2.3208320140838623,-1.31331205368042,True,5,6656
6,2048,65536,1.8617279529571533,9.370047569274902,8.191264152526855,5.611551761627197,0.9925605058670044,5.0329843060000234,4.685023784637451,-2.823295831680298,True,10,6656
6,2048,131072,3.8348801136016846,18.835296630859375,16.496864318847656,11.06710433959961,0.9905765652656555,4.911573784028788,9.417648315429688,-5.582768201828003,True,20,6656
6,2048,262144,7.678112030029297,37.819969177246094,33.111297607421875,21.97724723815918,0.992501974105835,4.925686031843663,18.909984588623047,-11.23187255859375,True,40,6656
6,4096,8192,0.5338240265846252,1.5003199577331543,1.3401600122451782,0.9139840006828308,0.9900211691856384,2.8105141076772306,0.7501599788665771,-0.2163359522819519,True,2,6656
6,4096,32768,1.8780800104141235,7.3922882080078125,6.610559940338135,4.51478385925293,0.9915505647659302,3.936088008507042,3.6961441040039062,-1.8180640935897827,True,5,6656
6,4096,65536,3.7507519721984863,15.30838394165039,13.62492847442627,9.282079696655273,0.9908602237701416,4.0814172878185415,7.654191970825195,-3.903439998626709,True,10,6656
6,4096,131072,7.50819206237793,31.084896087646484,27.69772720336914,19.617536544799805,0.9904480576515198,4.140130650547256,15.542448043823242,-8.034255981445312,True,20,6656
6,4096,262144,14.91545581817627,63.0700798034668,57.05177688598633,40.47292709350586,0.9920809864997864,4.228505020048288,31.5350399017334,-16.61958408355713,True,40,6656
8,128,8192,0.171424001455307,0.09148799628019333,0.08316799998283386,0.057631999254226685,0.9914794564247131,0.5336942056159255,0.045743998140096664,0.12568000331521034,False,2,6656
8,128,32768,0.1746239960193634,0.2616640031337738,0.23440000414848328,0.16495999693870544,0.991325855255127,1.4984424197047859,0.1308320015668869,0.0437919944524765,False,5,6656
8,128,65536,0.188960000872612,0.5071679949760437,0.4519039988517761,0.31139200925827026,0.9928059577941895,2.6839965740577694,0.25358399748802185,-0.06462399661540985,True,10,6656
8,128,131072,0.3547520041465759,0.9869760274887085,0.8811839818954468,0.6291840076446533,0.990068256855011,2.7821577213159623,0.49348801374435425,-0.13873600959777832,True,20,6656
8,128,262144,0.6887680292129517,1.9569920301437378,1.7681920528411865,1.248255968093872,0.9917588233947754,2.841293363137039,0.9784960150718689,-0.28972798585891724,True,40,6656
8,256,8192,0.17334400117397308,0.14819200336933136,0.13369600474834442,0.1005759984254837,0.9915305376052856,0.8549012504943944,0.07409600168466568,0.0992479994893074,False,2,6656
8,256,32768,0.188960000872612,0.5145919919013977,0.4646719992160797,0.31833600997924805,0.9913387298583984,2.7232852959622473,0.25729599595069885,-0.06833599507808685,True,5,6656
8,256,65536,0.3542720079421997,1.0161919593811035,0.9015679955482483,0.6216639876365662,0.9929119944572449,2.8683947266499743,0.5080959796905518,-0.15382397174835205,True,10,6656
8,256,131072,0.6875519752502441,2.002784013748169,1.7814079523086548,1.2477120161056519,0.9900919795036316,2.912920165808887,1.0013920068740845,-0.31384003162384033,True,20,6656
8,256,262144,1.2245440483093262,3.971776008605957,3.5731201171875,2.496959924697876,0.9917591214179993,3.243473367976932,1.9858880043029785,-0.7613439559936523,True,40,6656
8,512,8192,0.17740799486637115,0.2895680069923401,0.2535359859466553,0.1759680062532425,0.9915092587471008,1.632215093860066,0.14478400349617004,0.03262399137020111,False,2,6656
8,512,32768,0.35683199763298035,1.0649280548095703,0.9467840194702148,0.6512640118598938,0.9913477301597595,2.9843961916915935,0.5324640274047852,-0.1756320297718048,True,5,6656
8,512,65536,0.6855040192604065,2.1077120304107666,1.8678079843521118,1.286784052848816,0.9929389357566833,3.0746895294425656,1.0538560152053833,-0.3683519959449768,True,10,6656
8,512,131072,1.2243839502334595,4.174592018127441,3.713344097137451,2.586944103240967,0.9900119304656982,3.4095448713873218,2.0872960090637207,-0.8629120588302612,True,20,6656
8,512,262144,2.621311902999878,8.342368125915527,7.4552321434021,5.163871765136719,0.9917839169502258,3.182516401946814,4.171184062957764,-1.5498721599578857,True,40,6656
8,1024,8192,0.19737599790096283,0.6306880116462708,0.5517759919166565,0.3789440095424652,0.9900050759315491,3.1953632577084194,0.3153440058231354,-0.11796800792217255,True,2,6656
8,1024,32768,0.6780480146408081,2.4759039878845215,2.1499199867248535,1.4892799854278564,0.9919543266296387,3.651517199996695,1.2379519939422607,-0.5599039793014526,True,5,6656
8,1024,65536,1.2149120569229126,4.92409610748291,4.276512145996094,2.9519360065460205,0.9930034875869751,4.053047362090134,2.462048053741455,-1.2471359968185425,True,10,6656
8,1024,131072,2.430624008178711,9.872127532958984,8.533087730407715,5.9423041343688965,0.9901689887046814,4.061560940622923,4.936063766479492,-2.5054397583007812,True,20,6656
8,1024,262144,5.068607807159424,19.7007999420166,17.065216064453125,11.867072105407715,0.991946280002594,3.886826657645352,9.8503999710083,-4.781792163848877,True,40,6656
8,2048,8192,0.36428800225257874,1.1767679452896118,1.0255359411239624,0.7118719816207886,0.9893119931221008,3.2303230905576212,0.5883839726448059,-0.22409597039222717,True,2,6656
8,2048,32768,1.2082560062408447,4.8542399406433105,4.219615936279297,2.9206719398498535,0.9909491539001465,4.017559122876566,2.4271199703216553,-1.2188639640808105,True,5,6656
8,2048,65536,2.416896104812622,9.767007827758789,8.46828842163086,5.838848114013672,0.9919660091400146,4.0411368152360065,4.8835039138793945,-2.4666078090667725,True,10,6656
8,2048,131072,4.958816051483154,19.625856399536133,16.96067237854004,11.793951988220215,0.990984320640564,3.9577706040671035,9.812928199768066,-4.854112148284912,True,20,6656
8,2048,262144,9.914336204528809,39.48262405395508,34.04633712768555,23.635135650634766,0.9926008582115173,3.982376957916724,19.74131202697754,-9.82697582244873,True,40,6656
8,4096,8192,0.6463680267333984,1.6690239906311035,1.501952052116394,1.0296640396118164,0.9905922412872314,2.5821574112599333,0.8345119953155518,-0.18814396858215332,True,2,6656
8,4096,32768,2.421247959136963,7.744959831237793,6.994976043701172,4.773952007293701,0.9928122162818909,3.1987470766928103,3.8724799156188965,-1.4512319564819336,True,5,6656
8,4096,65536,4.969759941101074,15.817312240600586,14.308256149291992,9.73804759979248,0.9908178448677063,3.182711524914458,7.908656120300293,-2.9388961791992188,True,10,6656
8,4096,131072,9.876928329467773,32.020286560058594,28.93926429748535,20.26652717590332,0.9888155460357666,3.24192760056041,16.010143280029297,-6.133214950561523,True,20,6656
8,4096,262144,19.663328170776367,66.0849609375,58.90166473388672,41.50281524658203,0.9918500781059265,3.3608227642620263,33.04248046875,-13.379152297973633,True,40,6656
12,128,8192,0.17158399522304535,0.11884800344705582,0.10972800105810165,0.07766400277614594,0.991568922996521,0.6926520348973283,0.05942400172352791,0.11215999349951744,False,2,6656
12,128,32768,0.1855040043592453,0.3853760063648224,0.3472000062465668,0.24083200097084045,0.9913720488548279,2.0774538409343815,0.1926880031824112,-0.0071839988231658936,True,5,6656
12,128,65536,0.34483200311660767,0.7550079822540283,0.6690559983253479,0.4639039933681488,0.9929096102714539,2.189495103210349,0.37750399112701416,-0.032671988010406494,True,10,6656
12,128,131072,0.5257920026779175,1.489408016204834,1.3249599933624268,0.9344320297241211,0.9900654554367065,2.832694313757365,0.744704008102417,-0.2189120054244995,True,20,6656
12,128,262144,0.9526399970054626,2.9584639072418213,2.659327983856201,1.8691200017929077,0.991694986820221,3.105542404834443,1.4792319536209106,-0.526591956615448,True,40,6656
12,256,8192,0.175135999917984,0.211776003241539,0.1897599995136261,0.13545599579811096,0.9915114641189575,1.2092088624880861,0.1058880016207695,0.06924799829721451,False,2,6656
12,256,32768,0.339711993932724,0.7817280292510986,0.7009279727935791,0.4824320077896118,0.9913415312767029,2.3011493359457624,0.3908640146255493,-0.05115202069282532,True,5,6656
12,256,65536,0.518559992313385,1.5465600490570068,1.3705600500106812,0.945472002029419,0.9929366111755371,2.9824129743552668,0.7732800245285034,-0.2547200322151184,True,10,6656
12,256,131072,0.9533759951591492,3.0571200847625732,2.7312960624694824,1.8966399431228638,0.9900122284889221,3.2066258226401447,1.5285600423812866,-0.5751840472221375,True,20,6656
12,256,262144,1.9079680442810059,6.09987211227417,5.479072093963623,3.800992012023926,0.9917851090431213,3.1970515075229318,3.049936056137085,-1.141968011856079,True,40,6656
12,512,8192,0.18796800076961517,0.44681599736213684,0.3893440067768097,0.27215999364852905,0.990006148815155,2.3770854375888226,0.22340799868106842,-0.03543999791145325,True,2,6656
12,512,32768,0.5178880095481873,1.695647954940796,1.499392032623291,1.036736011505127,0.9919494986534119,3.274159516494894,0.847823977470398,-0.3299359679222107,True,5,6656
12,512,65536,0.9907519817352295,3.370176076889038,2.9580800533294678,2.045151948928833,0.9929989576339722,3.4016344544539003,1.685088038444519,-0.6943360567092896,True,10,6656
12,512,131072,1.8399039506912231,6.686240196228027,5.891520023345947,4.100448131561279,0.9901635050773621,3.634015891816587,3.3431200981140137,-1.5032161474227905,True,20,6656
12,512,262144,3.8273279666900635,13.305472373962402,11.782079696655273,8.176192283630371,0.9919435977935791,3.476439043051018,6.652736186981201,-2.8254082202911377,True,40,6656
12,1024,8192,0.3508799970149994,1.1409920454025269,0.9919679760932922,0.6768640279769897,0.9896849393844604,3.251801342650353,0.5704960227012634,-0.21961602568626404,True,2,6656
12,1024,32768,1.0059839487075806,4.6966400146484375,4.118624210357666,2.8126718997955322,0.9906780123710632,4.668702736939649,2.3483200073242188,-1.3423360586166382,True,5,6656
12,1024,65536,1.866495966911316,9.431424140930176,8.260448455810547,5.661920070648193,0.9925611019134521,5.053010726049052,4.715712070465088,-2.849216103553772,True,10,6656
12,1024,131072,3.8422720432281494,18.911808013916016,16.540159225463867,11.101247787475586,0.9905843734741211,4.922037742550614,9.455904006958008,-5.613631963729858,True,20,6656
12,1024,262144,7.680448055267334,37.88169479370117,33.16902542114258,21.9968318939209,0.9925070405006409,4.932224594334897,18.940847396850586,-11.260399341583252,True,40,6656
12,2048,8192,0.5333120226860046,1.7528959512710571,1.5561280250549316,1.0657919645309448,0.9900193214416504,3.2868112412742296,0.8764479756355286,-0.3431359529495239,True,2,6656
12,2048,32768,1.878175973892212,7.646719932556152,6.824160099029541,4.659872055053711,0.9915525317192078,4.071354355955038,3.823359966278076,-1.9451839923858643,True,5,6656
12,2048,65536,3.749119997024536,15.567904472351074,13.855232238769531,9.450431823730469,0.9908655285835266,4.152415629456096,7.783952236175537,-4.034832239151001,True,10,6656
12,2048,131072,7.515935897827148,31.338655471801758,27.96076774597168,19.778783798217773,0.9904452562332153,4.169627827834686,15.669327735900879,-8.15339183807373,True,20,6656
12,2048,262144,14.921600341796875,63.29955291748047,57.19910430908203,41.43084716796875,0.9920792579650879,4.242142361913566,31.649776458740234,-16.72817611694336,True,40,6656
12,4096,8192,0.9757120013237,2.555327892303467,2.2735040187835693,1.5436480045318604,0.9887527227401733,2.618936621499767,1.2776639461517334,-0.30195194482803345,True,2,6656
12,4096,32768,3.733311891555786,12.541855812072754,11.22985553741455,7.624063968658447,0.9934709072113037,3.3594449583600623,6.270927906036377,-2.537616014480591,True,5,6656
12,4096,65536,7.450592041015625,25.89299201965332,23.134016036987305,15.767295837402344,0.9899370074272156,3.475293221949611,12.94649600982666,-5.495903968811035,True,10,6656
12,4096,131072,14.808735847473145,53.01408004760742,47.07721710205078,32.647361755371094,0.9884305000305176,3.5799193525795356,26.50704002380371,-11.698304176330566,True,20,6656
12,4096,262144,29.5614070892334,108.25878143310547,98.10688018798828,68.2721939086914,0.990972101688385,3.6621660500231923,54.129390716552734,-24.567983627319336,True,40,6656
16,128,8192,0.1727360039949417,0.14892800152301788,0.13513599336147308,0.0974079966545105,0.991529643535614,0.8621711633862909,0.07446400076150894,0.09827200323343277,False,2,6656
16,128,32768,0.1907840073108673,0.5175999999046326,0.4639360010623932,0.32121598720550537,0.9913405179977417,2.713015662058323,0.2587999999523163,-0.06801599264144897,True,5,6656
16,128,65536,0.3547520041465759,1.0159679651260376,0.901856005191803,0.6220800280570984,0.9929143786430359,2.863882242385476,0.5079839825630188,-0.15323197841644287,True,10,6656
16,128,131072,0.687391996383667,2.0054399967193604,1.780735969543457,1.2486079931259155,0.9900987148284912,2.917461953688542,1.0027199983596802,-0.3153280019760132,True,20,6656
16,128,262144,1.2316800355911255,3.9793601036071777,3.5808000564575195,2.501312017440796,0.9917596578598022,3.230839169766478,1.9896800518035889,-0.7580000162124634,True,40,6656
16,256,8192,0.17791999876499176,0.2852799892425537,0.2555519938468933,0.1764799952507019,0.9915125370025635,1.603417216854694,0.14263999462127686,0.035280004143714905,False,2,6656
16,256,32768,0.35660800337791443,1.0664639472961426,0.9503679871559143,0.6545600295066833,0.9913433194160461,2.9905777133273146,0.5332319736480713,-0.17662397027015686,True,5,6656
16,256,65536,0.685696005821228,2.107487916946411,1.8767679929733276,1.2902079820632935,0.9929431676864624,3.0735018128366742,1.0537439584732056,-0.36804795265197754,True,10,6656
16,256,131072,1.2219840288162231,4.183104038238525,3.719167947769165,2.5893120765686035,0.990013599395752,3.4232068010666543,2.0915520191192627,-0.8695679903030396,True,20,6656
16,256,262144,2.624095916748047,8.357760429382324,7.444447994232178,5.171199798583984,0.9917877316474915,3.185005691308652,4.178880214691162,-1.5547842979431152,True,40,6656
16,512,8192,0.19513599574565887,0.6278719902038574,0.5538560152053833,0.3813439905643463,0.9900102019309998,3.2176123518606405,0.3139359951019287,-0.11879999935626984,True,2,6656
16,512,32768,0.6765760183334351,2.481503963470459,2.1534080505371094,1.490496039390564,0.9919500350952148,3.6677385781171843,1.2407519817352295,-0.5641759634017944,True,5,6656
16,512,65536,1.2155840396881104,4.936831951141357,4.29091215133667,2.9617919921875,0.9930053949356079,4.061283950723826,2.4684159755706787,-1.2528319358825684,True,10,6656
16,512,131072,2.4310719966888428,9.874239921569824,8.55081558227539,5.94217586517334,0.9901700019836426,4.061681404342894,4.937119960784912,-2.5060479640960693,True,20,6656
16,512,262144,5.071231842041016,19.708768844604492,17.07257652282715,11.884832382202148,0.9919441342353821,3.8863868697969677,9.854384422302246,-4.7831525802612305,True,40,6656
16,1024,8192,0.3667199909687042,1.2047359943389893,1.0551999807357788,0.7339199781417847,0.9893175363540649,3.28516585953396,0.6023679971694946,-0.2356480062007904,True,2,6656
16,1024,32768,1.2125760316848755,4.9009599685668945,4.249792098999023,2.9316160678863525,0.9909512996673584,4.041775394287653,2.4504799842834473,-1.2379039525985718,True,5,6656
16,1024,65536,2.4136641025543213,9.809951782226562,8.50438404083252,5.863296031951904,0.9919617176055908,4.064340092660339,4.904975891113281,-2.49131178855896,True,10,6656
16,1024,131072,4.9576640129089355,19.660959243774414,16.98476791381836,11.814847946166992,0.9909847974777222,3.9657708131451694,9.830479621887207,-4.8728156089782715,True,20,6656
16,1024,262144,9.897407531738281,39.52377700805664,34.06991958618164,23.654783248901367,0.9925978183746338,3.9933464274674644,19.76188850402832,-9.864480972290039,True,40,6656
16,2048,8192,0.6512960195541382,1.8652479648590088,1.6869759559631348,1.1561599969863892,0.9905917644500732,2.863901987510861,0.9326239824295044,-0.2813279628753662,True,2,6656
16,2048,32768,2.421663999557495,7.899424076080322,7.153759956359863,4.8788161277771,0.9928102493286133,3.2619818759017623,3.949712038040161,-1.528048038482666,True,5,6656
16,2048,65536,4.96995210647583,16.016895294189453,14.481951713562012,9.859935760498047,0.9908209443092346,3.2227464070165777,8.008447647094727,-3.0384955406188965,True,10,6656
16,2048,131072,9.873632431030273,32.225887298583984,29.13260841369629,20.387168884277344,0.988807737827301,3.2638329939553303,16.112943649291992,-6.239311218261719,True,20,6656
16,2048,262144,19.63974380493164,65.9513931274414,59.109375,41.503360748291016,0.9918494820594788,3.358057711062436,32.9756965637207,-13.335952758789062,True,40,6656
16,4096,8192,1.2863999605178833,3.1341440677642822,2.777631998062134,1.9018559455871582,0.9891250729560852,2.4363682866583174,1.5670720338821411,-0.2806720733642578,True,2,6656
16,4096,32768,4.9911041259765625,15.200384140014648,13.46406364440918,9.20627212524414,0.9902434349060059,3.045495296502261,7.600192070007324,-2.6090879440307617,True,5,6656
16,4096,65536,9.899711608886719,31.354816436767578,27.884159088134766,18.935712814331055,0.9904826879501343,3.1672454386066318,15.677408218383789,-5.77769660949707,True,10,6656
16,4096,131072,19.676671981811523,64.4867172241211,56.87779235839844,39.222145080566406,0.9894976615905762,3.277318302796861,32.24335861206055,-12.566686630249023,True,20,6656
16,4096,262144,39.32876968383789,137.182373046875,122.40605163574219,81.09468841552734,0.9923859238624573,3.4880921561919576,68.5911865234375,-29.26241683959961,True,40,6656
