q,kv,d,group,kernel,fused_output_group_span,min_ms,mean_ms,cosine,splits,split_kv_len,storage_bytes,status,error,command
1024,1024,256,16,sm120_fused,2,0.08675199747085571,0.08887466788291931,0.99200838804245,1,6656,50176,ok,,/home/josh/tdm/infer/current/.venv/bin/python /home/josh/tdm/infer/worktrees/flashinfer-nvfp4-kv/benchmarks/bench_sm120_nvfp4_cutlass_fused_attention.py --device 0 --q-len 1024 --kv-len 1024 --head-dim 256 --group 16 --split-kv-len 6656 --warmup 1 --repeat 3 --sm120-qkv-online-splitkv-reuse2-full-grid-bench
1024,1024,256,16,nvfp4_fa2,,0.14902399480342865,0.16349866489569345,,,,,ok,,/home/josh/tdm/infer/current/.venv/bin/python /home/josh/tdm/infer/worktrees/flashinfer-nvfp4-kv/benchmarks/bench_nvfp4_fmha_v2_gqa_grouped_attention.py --device 0 --gemma4-shape custom --q-len 1024 --kv-len 1024 --head-dim 256 --group-sizes 16 --batch-size 1 --only grouped-fp4 --fp4-backend fa2 --fp4-v-layout nhd --fp4-v-sf-layout linear --bf16-backend fa2 --warmup 1 --repeat 3
1024,1024,256,16,fp8_fa2,,0.132192000746727,0.146506667137146,,,,,ok,,/home/josh/tdm/infer/current/.venv/bin/python /home/josh/tdm/infer/worktrees/flashinfer-nvfp4-kv/benchmarks/bench_nvfp4_fmha_v2_gqa_grouped_attention.py --device 0 --gemma4-shape custom --q-len 1024 --kv-len 1024 --head-dim 256 --group-sizes 16 --batch-size 1 --only fp8 --fp4-backend fa2 --fp4-v-layout nhd --fp4-v-sf-layout linear --bf16-backend fa2 --warmup 1 --repeat 3
1024,1024,256,16,bf16_fa2,,0.0942080020904541,0.1449066698551178,,,,,ok,,/home/josh/tdm/infer/current/.venv/bin/python /home/josh/tdm/infer/worktrees/flashinfer-nvfp4-kv/benchmarks/bench_nvfp4_fmha_v2_gqa_grouped_attention.py --device 0 --gemma4-shape custom --q-len 1024 --kv-len 1024 --head-dim 256 --group-sizes 16 --batch-size 1 --only bf16 --fp4-backend fa2 --fp4-v-layout nhd --fp4-v-sf-layout linear --bf16-backend fa2 --warmup 1 --repeat 3
4096,1024,256,16,sm120_fused,2,0.21967999637126923,0.2209066649278005,0.9916662573814392,1,6656,50176,ok,,/home/josh/tdm/infer/current/.venv/bin/python /home/josh/tdm/infer/worktrees/flashinfer-nvfp4-kv/benchmarks/bench_sm120_nvfp4_cutlass_fused_attention.py --device 0 --q-len 4096 --kv-len 1024 --head-dim 256 --group 16 --split-kv-len 6656 --warmup 1 --repeat 3 --sm120-qkv-online-splitkv-reuse2-full-grid-bench
4096,1024,256,16,nvfp4_fa2,,0.5241280198097229,0.5388586719830831,,,,,ok,,/home/josh/tdm/infer/current/.venv/bin/python /home/josh/tdm/infer/worktrees/flashinfer-nvfp4-kv/benchmarks/bench_nvfp4_fmha_v2_gqa_grouped_attention.py --device 0 --gemma4-shape custom --q-len 4096 --kv-len 1024 --head-dim 256 --group-sizes 16 --batch-size 1 --only grouped-fp4 --fp4-backend fa2 --fp4-v-layout nhd --fp4-v-sf-layout linear --bf16-backend fa2 --warmup 1 --repeat 3
4096,1024,256,16,fp8_fa2,,0.4530560076236725,0.4716479976971944,,,,,ok,,/home/josh/tdm/infer/current/.venv/bin/python /home/josh/tdm/infer/worktrees/flashinfer-nvfp4-kv/benchmarks/bench_nvfp4_fmha_v2_gqa_grouped_attention.py --device 0 --gemma4-shape custom --q-len 4096 --kv-len 1024 --head-dim 256 --group-sizes 16 --batch-size 1 --only fp8 --fp4-backend fa2 --fp4-v-layout nhd --fp4-v-sf-layout linear --bf16-backend fa2 --warmup 1 --repeat 3
4096,1024,256,16,bf16_fa2,,0.3129279911518097,0.32634666562080383,,,,,ok,,/home/josh/tdm/infer/current/.venv/bin/python /home/josh/tdm/infer/worktrees/flashinfer-nvfp4-kv/benchmarks/bench_nvfp4_fmha_v2_gqa_grouped_attention.py --device 0 --gemma4-shape custom --q-len 4096 --kv-len 1024 --head-dim 256 --group-sizes 16 --batch-size 1 --only bf16 --fp4-backend fa2 --fp4-v-layout nhd --fp4-v-sf-layout linear --bf16-backend fa2 --warmup 1 --repeat 3
8192,1024,256,16,sm120_fused,2,0.3895359933376312,0.39265066385269165,0.9882314801216125,1,6656,50176,ok,,/home/josh/tdm/infer/current/.venv/bin/python /home/josh/tdm/infer/worktrees/flashinfer-nvfp4-kv/benchmarks/bench_sm120_nvfp4_cutlass_fused_attention.py --device 0 --q-len 8192 --kv-len 1024 --head-dim 256 --group 16 --split-kv-len 6656 --warmup 1 --repeat 3 --sm120-qkv-online-splitkv-reuse2-full-grid-bench
8192,1024,256,16,nvfp4_fa2,,0.9784960150718689,0.9954880078633627,,,,,ok,,/home/josh/tdm/infer/current/.venv/bin/python /home/josh/tdm/infer/worktrees/flashinfer-nvfp4-kv/benchmarks/bench_nvfp4_fmha_v2_gqa_grouped_attention.py --device 0 --gemma4-shape custom --q-len 8192 --kv-len 1024 --head-dim 256 --group-sizes 16 --batch-size 1 --only grouped-fp4 --fp4-backend fa2 --fp4-v-layout nhd --fp4-v-sf-layout linear --bf16-backend fa2 --warmup 1 --repeat 3
8192,1024,256,16,fp8_fa2,,0.8932480216026306,0.9083306590716044,,,,,ok,,/home/josh/tdm/infer/current/.venv/bin/python /home/josh/tdm/infer/worktrees/flashinfer-nvfp4-kv/benchmarks/bench_nvfp4_fmha_v2_gqa_grouped_attention.py --device 0 --gemma4-shape custom --q-len 8192 --kv-len 1024 --head-dim 256 --group-sizes 16 --batch-size 1 --only fp8 --fp4-backend fa2 --fp4-v-layout nhd --fp4-v-sf-layout linear --bf16-backend fa2 --warmup 1 --repeat 3
8192,1024,256,16,bf16_fa2,,0.6034240126609802,0.615829328695933,,,,,ok,,/home/josh/tdm/infer/current/.venv/bin/python /home/josh/tdm/infer/worktrees/flashinfer-nvfp4-kv/benchmarks/bench_nvfp4_fmha_v2_gqa_grouped_attention.py --device 0 --gemma4-shape custom --q-len 8192 --kv-len 1024 --head-dim 256 --group-sizes 16 --batch-size 1 --only bf16 --fp4-backend fa2 --fp4-v-layout nhd --fp4-v-sf-layout linear --bf16-backend fa2 --warmup 1 --repeat 3
16384,1024,256,16,sm120_fused,2,0.7621440291404724,0.7644693454106649,0.990139365196228,1,6656,50176,ok,,/home/josh/tdm/infer/current/.venv/bin/python /home/josh/tdm/infer/worktrees/flashinfer-nvfp4-kv/benchmarks/bench_sm120_nvfp4_cutlass_fused_attention.py --device 0 --q-len 16384 --kv-len 1024 --head-dim 256 --group 16 --split-kv-len 6656 --warmup 1 --repeat 3 --sm120-qkv-online-splitkv-reuse2-full-grid-bench
16384,1024,256,16,nvfp4_fa2,,2.0935680866241455,2.1056533654530845,,,,,ok,,/home/josh/tdm/infer/current/.venv/bin/python /home/josh/tdm/infer/worktrees/flashinfer-nvfp4-kv/benchmarks/bench_nvfp4_fmha_v2_gqa_grouped_attention.py --device 0 --gemma4-shape custom --q-len 16384 --kv-len 1024 --head-dim 256 --group-sizes 16 --batch-size 1 --only grouped-fp4 --fp4-backend fa2 --fp4-v-layout nhd --fp4-v-sf-layout linear --bf16-backend fa2 --warmup 1 --repeat 3
16384,1024,256,16,fp8_fa2,,1.8811520338058472,1.8935893376668294,,,,,ok,,/home/josh/tdm/infer/current/.venv/bin/python /home/josh/tdm/infer/worktrees/flashinfer-nvfp4-kv/benchmarks/bench_nvfp4_fmha_v2_gqa_grouped_attention.py --device 0 --gemma4-shape custom --q-len 16384 --kv-len 1024 --head-dim 256 --group-sizes 16 --batch-size 1 --only fp8 --fp4-backend fa2 --fp4-v-layout nhd --fp4-v-sf-layout linear --bf16-backend fa2 --warmup 1 --repeat 3
16384,1024,256,16,bf16_fa2,,1.210752010345459,1.2266666889190674,,,,,ok,,/home/josh/tdm/infer/current/.venv/bin/python /home/josh/tdm/infer/worktrees/flashinfer-nvfp4-kv/benchmarks/bench_nvfp4_fmha_v2_gqa_grouped_attention.py --device 0 --gemma4-shape custom --q-len 16384 --kv-len 1024 --head-dim 256 --group-sizes 16 --batch-size 1 --only bf16 --fp4-backend fa2 --fp4-v-layout nhd --fp4-v-sf-layout linear --bf16-backend fa2 --warmup 1 --repeat 3
32768,1024,256,16,sm120_fused,2,1.4904639720916748,1.4908266464869182,0.9908647537231445,1,6656,50176,ok,,/home/josh/tdm/infer/current/.venv/bin/python /home/josh/tdm/infer/worktrees/flashinfer-nvfp4-kv/benchmarks/bench_sm120_nvfp4_cutlass_fused_attention.py --device 0 --q-len 32768 --kv-len 1024 --head-dim 256 --group 16 --split-kv-len 6656 --warmup 1 --repeat 3 --sm120-qkv-online-splitkv-reuse2-full-grid-bench
32768,1024,256,16,nvfp4_fa2,,4.217728137969971,4.231978575388591,,,,,ok,,/home/josh/tdm/infer/current/.venv/bin/python /home/josh/tdm/infer/worktrees/flashinfer-nvfp4-kv/benchmarks/bench_nvfp4_fmha_v2_gqa_grouped_attention.py --device 0 --gemma4-shape custom --q-len 32768 --kv-len 1024 --head-dim 256 --group-sizes 16 --batch-size 1 --only grouped-fp4 --fp4-backend fa2 --fp4-v-layout nhd --fp4-v-sf-layout linear --bf16-backend fa2 --warmup 1 --repeat 3
32768,1024,256,16,fp8_fa2,,3.8021440505981445,3.816330671310425,,,,,ok,,/home/josh/tdm/infer/current/.venv/bin/python /home/josh/tdm/infer/worktrees/flashinfer-nvfp4-kv/benchmarks/bench_nvfp4_fmha_v2_gqa_grouped_attention.py --device 0 --gemma4-shape custom --q-len 32768 --kv-len 1024 --head-dim 256 --group-sizes 16 --batch-size 1 --only fp8 --fp4-backend fa2 --fp4-v-layout nhd --fp4-v-sf-layout linear --bf16-backend fa2 --warmup 1 --repeat 3
32768,1024,256,16,bf16_fa2,,2.4234559535980225,2.438229242960612,,,,,ok,,/home/josh/tdm/infer/current/.venv/bin/python /home/josh/tdm/infer/worktrees/flashinfer-nvfp4-kv/benchmarks/bench_nvfp4_fmha_v2_gqa_grouped_attention.py --device 0 --gemma4-shape custom --q-len 32768 --kv-len 1024 --head-dim 256 --group-sizes 16 --batch-size 1 --only bf16 --fp4-backend fa2 --fp4-v-layout nhd --fp4-v-sf-layout linear --bf16-backend fa2 --warmup 1 --repeat 3
